,EWS_DaysToThreat,rfr_0_t0,rfr_0_t1,rfr_0_t2,rfr_1_t0,rfr_1_t1,rfr_1_t2,rfr_2_t0,rfr_2_t1,rfr_2_t2,rfr_3_t0,rfr_3_t1,rfr_3_t2,rfr_4_t0,rfr_4_t1,rfr_4_t2,A1_DikeIncrease_t0,A1_DikeIncrease_t1,A1_DikeIncrease_t2,A2_DikeIncrease_t0,A2_DikeIncrease_t1,A2_DikeIncrease_t2,A3_DikeIncrease_t0,A3_DikeIncrease_t1,A3_DikeIncrease_t2,A4_DikeIncrease_t0,A4_DikeIncrease_t1,A4_DikeIncrease_t2,A5_DikeIncrease_t0,A5_DikeIncrease_t1,A5_DikeIncrease_t2,A4_Expected_Annual_Damage,A4_Expected_Number_of_Deaths,Total_Infrastructure_Costs,Total_Expected_Annual_Damage,Total_Expected_Number_of_Deaths
0,3,0,0,0,0,0,0,0,0,0,0,0,0,0,0,0,2,0,0,3,0,0,4,0,0,2,0,0,4,0,0,5092723.962401061,0.0004265921492376,152210479.1192275,9243330.4782876,0.0010346765185534
1,3,0,0,0,0,0,0,0,0,0,0,0,0,0,0,0,2,0,0,3,0,0,4,0,0,3,0,0,3,0,0,0.0,0.0,150306216.08149666,13201579.074686192,0.0018409795243032
2,3,0,0,0,0,0,0,0,0,0,0,0,0,0,0,0,2,0,0,3,0,0,4,0,0,3,0,0,4,0,0,0.0,0.0,153331806.59631377,4150606.51588654,0.0006080843693157
3,3,0,0,0,0,0,0,0,0,0,0,0,0,0,0,0,2,0,0,0,0,0,1,0,0,0,0,0,0,0,0,6392562.495829705,0.0004517972930429,57554490.86442277,104348442.57656752,0.0165537687704026
4,3,0,0,0,0,0,0,0,0,0,0,0,0,0,0,0,2,0,0,0,0,0,2,0,0,0,0,0,0,0,0,6392562.495829705,0.0004517972930429,59423021.43590583,83030607.19040336,0.010948012871734
5,3,0,0,0,0,0,0,0,0,0,0,0,0,0,0,0,2,0,0,0,0,0,2,0,0,1,0,0,0,0,0,0.0,0.0,65743821.74557208,76638044.69457366,0.010496215578691
6,3,0,0,0,0,0,0,0,0,0,0,0,0,0,0,0,2,0,0,0,0,0,2,0,0,0,0,0,1,0,0,6392562.495829705,0.0004517972930429,84460235.52207956,65338449.9080886,0.0086138702196219
7,3,0,0,0,0,0,0,0,0,0,0,0,0,0,0,0,2,0,0,3,0,0,3,0,0,3,0,0,4,0,0,0.0,0.0,151126459.5053687,11979699.545979608,0.002733926167383
8,3,0,0,0,0,0,0,0,0,0,0,0,0,0,0,0,1,0,0,0,0,0,2,0,0,0,0,0,0,0,0,6392562.495829705,0.0004517972930429,54862719.29296569,142147457.10853726,0.0171723414691916
9,3,0,0,0,0,0,0,0,0,0,0,0,0,0,0,0,2,0,0,0,0,0,0,0,0,0,0,0,0,0,0,6392562.495829705,0.0004517972930429,37255203.23710208,194986637.93848205,0.0400639373654948
10,3,0,0,0,0,0,0,0,0,0,0,0,0,0,0,0,0,0,0,0,0,0,2,0,0,0,0,0,0,0,0,3786489.355670112,0.0002623077800421,22167818.198803756,240635302.5233884,0.0261931799822677
11,3,0,0,0,0,0,0,0,0,0,0,0,0,0,0,0,1,0,0,0,0,0,2,0,0,1,0,0,0,0,0,0.0,0.0,61183519.60263193,135754894.61270756,0.0167205441761486
12,3,0,0,0,0,0,0,0,0,0,0,0,0,0,0,0,2,0,0,0,0,0,2,0,0,1,0,0,1,0,0,0.0,0.0,90781035.8317458,58945887.41225889,0.0081620729265789
13,3,0,0,0,0,0,0,0,0,0,0,0,0,0,0,0,2,0,0,3,0,0,4,0,0,1,0,0,3,0,0,7886704.587958999,0.0006404534018376,148173608.69455487,12037311.10384554,0.0012485377711533
14,3,0,0,0,0,0,0,0,0,0,0,0,0,0,0,0,0,0,0,0,0,0,2,0,0,1,0,0,0,0,0,0.0,0.0,28488618.508469995,236848813.16771823,0.0259308722022255
15,3,0,0,0,0,0,0,0,0,0,0,0,0,0,0,0,2,0,0,1,0,0,3,0,0,2,0,0,2,0,0,0.0,0.0,134608667.82740456,16797666.786436707,0.0024207433666939
16,4,0,0,0,0,0,0,0,0,0,0,0,0,0,0,0,0,0,0,0,0,0,1,0,0,0,0,0,0,0,0,3786489.355670112,0.0002623077800421,20299287.62732069,242291796.52102497,0.0266306699951692
17,3,0,0,0,0,0,0,0,0,0,0,0,0,0,0,0,1,0,0,0,0,0,1,0,0,0,0,0,0,0,0,6392562.495829705,0.0004517972930429,52994188.72148262,163465292.4947014,0.0227780973678602
18,3,0,0,0,0,0,0,0,0,0,0,0,0,0,0,0,2,0,0,0,0,0,1,0,0,1,0,0,0,0,0,0.0,0.0,63875291.174089015,97955880.0807378,0.0161019714773596
19,3,0,0,0,0,0,0,0,0,1,0,0,0,0,0,0,2,0,0,0,0,0,1,0,0,1,0,0,1,0,0,0.0,0.0,119612505.26026274,41495191.00702585,0.0057345436985367
20,3,0,0,0,0,0,0,0,0,0,0,0,0,0,0,0,2,0,0,4,0,0,4,0,0,0,0,0,3,0,0,16029156.316148374,0.0012221717329676,147368682.4219994,16029156.316148374,0.0012221717329676
21,4,0,0,0,0,0,0,0,0,0,0,0,0,0,0,0,0,0,0,0,0,0,1,0,0,1,0,0,0,0,0,0.0,0.0,26620087.93698693,238505307.16535485,0.026368362215127
22,3,0,0,0,0,0,0,0,0,0,0,0,0,0,0,0,1,0,0,0,0,0,1,0,0,1,0,0,0,0,0,0.0,0.0,59314989.03114887,157072729.99887168,0.0223263000748172
23,3,0,0,0,0,0,0,0,0,0,0,0,0,0,0,0,0,1,0,0,0,0,2,0,0,0,0,0,0,0,0,5523871.449109841,0.0003886341220427,54862719.29296569,174976738.91348764,0.020179287640217
24,4,0,0,0,0,0,0,0,0,0,0,0,0,0,0,0,2,0,0,0,0,0,0,0,0,1,0,0,0,0,0,0.0,0.0,43576003.54676832,188594075.44265237,0.0396121400724518
25,3,0,0,0,0,0,0,0,0,0,0,0,0,0,0,0,2,0,0,1,0,0,2,0,0,2,0,0,2,0,0,0.0,0.0,132578453.57484692,40891097.42231795,0.0088892123015258
26,3,0,0,0,0,0,0,0,0,0,0,0,0,0,0,0,0,0,0,0,0,0,0,0,0,1,0,0,0,0,0,0.0,0.0,6320800.309666242,329143502.5272694,0.0498785308102193
27,4,0,0,0,0,0,0,0,0,0,0,0,0,0,0,0,2,0,0,1,0,0,3,0,0,1,0,0,2,0,0,6402615.795036645,0.0005046992029704,133597387.917549,23200282.58147335,0.0029254425696643
28,3,0,0,0,0,0,0,0,0,0,0,0,0,0,0,0,0,0,0,0,0,0,0,0,0,0,0,0,0,0,0,3786489.355670112,0.0002623077800421,0.0,332929991.8829395,0.0501408385902615
29,3,0,0,0,0,0,0,0,0,1,0,0,0,0,0,0,2,0,0,0,0,0,1,0,0,0,0,0,1,0,0,10501466.92575532,0.000732272608318,113291704.9505965,51996657.932781175,0.0064668163068547
30,3,0,0,0,0,0,0,0,0,0,0,0,0,0,0,0,0,2,0,0,0,0,2,0,0,0,0,0,0,0,0,5523871.449109841,0.0003886341220427,59423021.43590583,135565505.63473168,0.0160297352419119
31,3,0,0,0,0,0,0,1,0,0,0,0,0,0,0,0,0,0,0,0,0,0,0,0,0,0,0,0,0,0,0,3786489.355670112,0.0002623077800421,30700000.0,224944157.7305953,0.0242250582969888
32,3,0,0,0,0,0,0,0,0,0,0,0,0,0,0,0,0,1,0,0,0,0,1,0,0,0,0,0,0,0,0,5523871.449109841,0.0003886341220427,52994188.72148262,189740793.83680928,0.0240622882436299
33,3,0,0,0,0,0,0,0,0,1,0,0,0,0,0,0,0,0,0,0,0,0,1,0,0,1,0,0,0,0,0,0.0,0.0,57320087.93698693,219531971.523394,0.0235399137283581
34,3,0,0,0,0,0,0,1,0,0,0,0,0,0,0,0,0,0,0,0,0,0,0,0,0,1,0,0,0,0,0,0.0,0.0,37020800.309666246,221157668.3749252,0.0239627505169466
35,3,0,0,0,0,0,0,0,0,0,0,0,0,0,0,0,0,0,1,0,0,0,1,0,0,0,0,0,0,0,0,4655180.402389976,0.0003254709510424,52994188.72148262,216016295.1789171,0.0253464791193996
36,3,0,0,0,0,0,0,0,0,0,0,0,0,0,0,0,0,2,0,0,0,0,1,0,0,0,0,0,0,0,0,5523871.449109841,0.0003886341220427,57554490.86442277,150329560.5580533,0.0199127358453248
37,3,0,0,0,0,0,0,0,0,0,0,0,0,0,0,0,0,0,1,0,0,0,2,0,0,0,0,0,0,0,0,4655180.402389976,0.0003254709510424,54862719.29296569,207806020.718438,0.0231862338112423
38,3,0,0,0,0,0,0,0,0,0,0,0,0,0,0,0,0,0,2,0,0,0,1,0,0,0,0,0,0,0,0,4655180.402389976,0.0003254709510424,57554490.86442277,196310678.5395392,0.023271702920247
39,3,0,0,0,0,0,0,0,0,0,0,0,0,0,0,0,2,0,0,4,0,0,4,0,0,4,0,0,5,0,0,0.0,0.0,163389027.58207893,0.0,0.0
40,3,0,0,0,0,0,0,0,0,0,0,0,0,0,0,0,2,0,0,1,0,0,3,0,0,0,0,0,2,0,0,14573191.301305411,0.0010831735706415,127276587.60788275,31370858.08774212,0.0035039169373355
